compartment	AA-anticodon	SQ326CT3	SQ66RA83	SQ8833G3	SQ276TY2	SQB2332M
cyto	Ala-AGC	12	13	15	13	13
cyto	Ala-TGC	5	7	5	5	5
cyto	Ala-CGC	3	3	3	3	3
cyto	Arg-TCT	7	6	6	7	6
cyto	Arg-CCG	3	2	2	3	2
cyto	Arg-TCG	3	4	3	4	4
cyto	Arg-ACG	2	2	2	1	1
cyto	Arg-CCT	2	4	2	2	4
cyto	Asn-GTT	9	9	9	10	10
cyto	Asn-ATT	1	0	0	0	0
cyto	Asp-GTC	3	2	2	1	1
cyto	Cys-GCA	10	9	9	9	8
cyto	Gln-TTG	3	4	4	4	4
cyto	Gln-CTG	2	2	2	2	2
cyto	Glu-TTC	4	4	4	4	4
cyto	Glu-CTC	1	1	1	1	1
cyto	Gly-GCC	4	5	4	5	4
cyto	Gly-TCC	4	4	4	2	3
cyto	Gly-CCC	3	3	3	3	3
cyto	His-GTG	2	2	1	1	2
cyto	Ile-TAT	5	5	5	5	5
cyto	Ile-AAT	3	4	3	6	6
cyto	Ile-GAT	1	1	1	1	1
cyto	Leu-CAA	6	11	7	7	6
cyto	Leu-AAG	4	4	4	4	4
cyto	Leu-CAG	2	2	2	2	2
cyto	Leu-TAA	2	2	3	3	4
cyto	Leu-TAG	1	1	1	2	1
cyto	Lys-CTT	8	6	13	7	7
cyto	Lys-TTT	5	4	4	4	4
cyto	Met-CAT	5	5	5	5	5
cyto	Phe-GAA	5	5	5	4	5
cyto	Pro-AGG	1	1	1	1	1
cyto	Pro-CGG	1	2	1	1	1
cyto	Pro-TGG	1	1	1	2	2
cyto	SeC-TCA	1	1	1	1	1
cyto	Ser-CGA	3	3	4	3	3
cyto	Ser-AGA	2	2	2	2	2
cyto	Ser-GCT	1	4	3	1	1
cyto	Ser-TGA	1	1	1	1	1
cyto	Thr-CGT	5	5	5	5	5
cyto	Thr-AGT	3	4	3	3	3
cyto	Thr-TGT	3	3	3	3	2
cyto	Trp-CCA	1	1	1	2	2
cyto	Tyr-GTA	18	22	20	20	17
cyto	Tyr-ATA	1	1	1	1	1
cyto	Val-CAC	4	4	4	4	3
cyto	Val-TAC	4	4	4	4	4
cyto	Val-AAC	2	2	2	1	4
cyto	iMet-CAT	1	1	1	2	2
cyto	Gly-ACC	0	1	0	1	0
mito	Ala-TGC	1	1	1	1	1
mito	Arg-TCG	1	1	1	1	1
mito	Asn-GTT	1	1	1	1	1
mito	Asp-GTC	1	1	1	1	1
mito	Cys-GCA	1	1	1	1	1
mito	Gln-TTG	1	1	1	1	1
mito	Glu-TTC	1	1	1	1	1
mito	Gly-TCC	1	1	1	1	1
mito	His-GTG	1	1	1	1	1
mito	Ile-GAT	1	1	1	1	1
mito	Leu-TAA	1	1	1	1	1
mito	Leu-TAG	1	1	1	1	1
mito	Lys-TTT	1	1	1	1	1
mito	Met-CAT	1	1	1	1	1
mito	Phe-GAA	1	1	1	1	1
mito	Pro-TGG	1	1	1	1	1
mito	Ser-GCT	1	1	1	1	1
mito	Ser-TGA	1	1	1	1	1
mito	Thr-TGT	1	1	1	1	1
mito	Trp-TCA	1	1	1	1	1
mito	Tyr-GTA	1	1	1	1	1
mito	Val-TAC	1	1	1	1	1
