SQ326CT3	Arg-TCG	34.53	1.008
SQ326CT3	Leu-TAG	37.42	1.093
SQ326CT3	tRX-Trp	18.29	0.534
SQ326CT3	Leu-AAG	39.24	1.146
SQ326CT3	tRX-Ser	39.00	1.139
SQ326CT3	Phe-GAA	40.37	1.179
SQ326CT3	Lys-TTT	86.87	2.536
SQ326CT3	Asn-ATT	39.26	1.146
SQ326CT3	Ser-GCT	43.75	1.277
SQ326CT3	Gly-GCC	55.56	1.622
SQ326CT3	Leu-CAA	37.96	1.108
SQ326CT3	tRX-Ile	16.58	0.484
SQ326CT3	Glu-TTC	44.91	1.311
SQ326CT3	Ile-GAT	6.83	0.199
SQ326CT3	Lys-CTT	43.22	1.262
SQ326CT3	Pro-AGG	39.52	1.154
SQ326CT3	Ile-AAT	40.96	1.196
SQ326CT3	Val-CAC	45.85	1.339
SQ326CT3	His-GTG	41.32	1.206
SQ326CT3	tRX-Gln	44.12	1.288
SQ326CT3	Tyr-GTA	42.05	1.228
SQ326CT3	tRX-Leu	40.11	1.171
SQ326CT3	Cys-GCA	39.48	1.153
SQ326CT3	tRX-Ala	41.65	1.216
SQ326CT3	Ser-TGA	51.97	1.518
SQ326CT3	Asp-GTC	44.53	1.300
SQ326CT3	tRX-Val	29.02	0.847
SQ326CT3	Ala-TGC	38.85	1.134
SQ326CT3	Tyr-ATA	33.34	0.974
SQ326CT3	tRX-Pro	46.62	1.361
SQ326CT3	Gly-CCC	64.17	1.874
SQ326CT3	Met-CAT	39.98	1.167
SQ326CT3	tRX-Lys	38.82	1.133
SQ326CT3	Gln-TTG	39.71	1.160
SQ326CT3	Trp-CCA	34.35	1.003
SQ326CT3	Asn-GTT	42.18	1.232
SQ326CT3	tRX-Gly	50.01	1.460
SQ326CT3	Ala-AGC	41.68	1.217
SQ326CT3	Ser-ACT	36.68	1.071
SQ326CT3	tRX-Cys	41.06	1.199
SQ326CT3	Arg-CCT	42.05	1.228
SQ326CT3	Arg-TCT	38.05	1.111
SQ326CT3	tRX-Und	38.50	1.124
SQ326CT3	SeC-TCA	42.20	1.232
SQ326CT3	Val-TAC	47.51	1.387
SQ326CT3	tRX-Glu	48.22	1.408
SQ326CT3	Pro-TGG	31.61	0.923
SQ326CT3	tRX-Arg	44.70	1.305
SQ326CT3	Glu-CTC	59.50	1.737
SQ326CT3	Arg-CCG	36.19	1.057
SQ326CT3	Leu-TAA	33.10	0.967
SQ326CT3	Val-AAC	32.25	0.942
SQ326CT3	Gly-TCC	48.02	1.402
SQ326CT3	Ala-CGC	43.37	1.266
SQ326CT3	Sup-TTA	33.56	0.980
SQ326CT3	iMet-CAT	34.23	1.000
SQ326CT3	Arg-ACG	35.61	1.040
SQ326CT3	Cys-ACA	33.69	0.984
SQ326CT3	Ser-CGA	39.52	1.154
SQ326CT3	tRX-Met	36.86	1.076
SQ326CT3	Pro-CGG	43.65	1.275
SQ326CT3	Ile-TAT	42.42	1.239
SQ326CT3	Thr-TGT	41.89	1.223
SQ326CT3	tRX-Tyr	42.48	1.240
SQ326CT3	tRX-Phe	43.62	1.274
SQ326CT3	tRX-Asp	41.62	1.215
SQ326CT3	Thr-AGT	41.04	1.198
SQ326CT3	Gln-CTG	39.38	1.150
SQ326CT3	Leu-CAG	63.50	1.854
SQ326CT3	Thr-CGT	34.97	1.021
SQ326CT3	Pro-GGG	54.81	1.600
SQ326CT3	tRX-Asn	28.52	0.833
SQ326CT3	Ser-AGA	36.34	1.061
SQ66RA83	Arg-TCG	41.00	1.101
SQ66RA83	Leu-TAG	39.21	1.053
SQ66RA83	tRX-Trp	38.28	1.028
SQ66RA83	Leu-AAG	42.19	1.133
SQ66RA83	tRX-Ser	35.43	0.952
SQ66RA83	Phe-GAA	41.97	1.127
SQ66RA83	Lys-TTT	43.24	1.162
SQ66RA83	Asn-ATT	46.95	1.261
SQ66RA83	Ser-GCT	42.96	1.154
SQ66RA83	Gly-GCC	68.65	1.844
SQ66RA83	Leu-CAA	46.51	1.249
SQ66RA83	tRX-Ile	14.74	0.396
SQ66RA83	Glu-TTC	43.39	1.165
SQ66RA83	Ile-GAT	3.72	0.100
SQ66RA83	Lys-CTT	41.66	1.119
SQ66RA83	Pro-AGG	35.91	0.965
SQ66RA83	Ile-AAT	37.85	1.017
SQ66RA83	Val-CAC	46.46	1.248
SQ66RA83	His-GTG	38.88	1.044
SQ66RA83	tRX-Gln	41.21	1.107
SQ66RA83	Tyr-GTA	38.61	1.037
SQ66RA83	tRX-Leu	48.55	1.304
SQ66RA83	Cys-GCA	40.68	1.093
SQ66RA83	tRX-Ala	38.92	1.045
SQ66RA83	Ser-TGA	45.80	1.230
SQ66RA83	Asp-GTC	53.64	1.441
SQ66RA83	tRX-Val	37.71	1.013
SQ66RA83	Ala-TGC	46.63	1.253
SQ66RA83	Tyr-ATA	43.35	1.165
SQ66RA83	tRX-Pro	25.22	0.677
SQ66RA83	Gly-CCC	58.73	1.578
SQ66RA83	Met-CAT	38.66	1.039
SQ66RA83	tRX-Lys	41.16	1.106
SQ66RA83	Gln-TTG	37.75	1.014
SQ66RA83	Trp-CCA	37.88	1.018
SQ66RA83	Asn-GTT	43.72	1.174
SQ66RA83	tRX-Gly	38.71	1.040
SQ66RA83	Ala-AGC	40.14	1.078
SQ66RA83	Ser-ACT	31.32	0.841
SQ66RA83	tRX-Cys	41.92	1.126
SQ66RA83	Arg-CCT	45.79	1.230
SQ66RA83	Arg-TCT	39.62	1.064
SQ66RA83	tRX-Und	40.82	1.097
SQ66RA83	SeC-TCA	39.05	1.049
SQ66RA83	Val-TAC	41.83	1.124
SQ66RA83	tRX-Glu	47.33	1.271
SQ66RA83	Pro-TGG	34.14	0.917
SQ66RA83	tRX-Arg	39.66	1.065
SQ66RA83	Glu-CTC	75.82	2.037
SQ66RA83	Arg-CCG	32.33	0.868
SQ66RA83	Leu-TAA	47.52	1.277
SQ66RA83	Val-AAC	35.38	0.950
SQ66RA83	Gly-TCC	51.48	1.383
SQ66RA83	Ala-CGC	35.89	0.964
SQ66RA83	Sup-TTA	41.10	1.104
SQ66RA83	iMet-CAT	40.51	1.088
SQ66RA83	Arg-ACG	40.76	1.095
SQ66RA83	Cys-ACA	40.47	1.087
SQ66RA83	Ser-CGA	38.18	1.026
SQ66RA83	tRX-Met	43.40	1.166
SQ66RA83	Pro-CGG	37.31	1.002
SQ66RA83	Ile-TAT	41.26	1.108
SQ66RA83	Thr-TGT	48.52	1.303
SQ66RA83	tRX-Tyr	28.53	0.767
SQ66RA83	tRX-Phe	41.27	1.109
SQ66RA83	tRX-Asp	44.24	1.188
SQ66RA83	Thr-AGT	43.10	1.158
SQ66RA83	Gln-CTG	41.74	1.121
SQ66RA83	Leu-CAG	91.77	2.465
SQ66RA83	Thr-CGT	41.68	1.120
SQ66RA83	Pro-GGG	31.03	0.833
SQ66RA83	tRX-Asn	27.85	0.748
SQ66RA83	Ser-AGA	36.12	0.970
SQ8833G3	Arg-TCG	40.42	1.211
SQ8833G3	Leu-TAG	43.70	1.309
SQ8833G3	tRX-Trp	23.94	0.717
SQ8833G3	Leu-AAG	38.93	1.166
SQ8833G3	tRX-Ser	22.34	0.669
SQ8833G3	Phe-GAA	36.12	1.082
SQ8833G3	Lys-TTT	43.24	1.295
SQ8833G3	Asn-ATT	41.78	1.251
SQ8833G3	Ser-GCT	38.14	1.142
SQ8833G3	Gly-GCC	55.16	1.652
SQ8833G3	Leu-CAA	38.75	1.161
SQ8833G3	tRX-Ile	23.28	0.697
SQ8833G3	Glu-TTC	39.02	1.169
SQ8833G3	Ile-GAT	14.94	0.447
SQ8833G3	Lys-CTT	36.65	1.098
SQ8833G3	Pro-AGG	38.58	1.155
SQ8833G3	Ile-AAT	32.57	0.975
SQ8833G3	Val-CAC	41.46	1.242
SQ8833G3	His-GTG	36.15	1.083
SQ8833G3	tRX-Gln	36.08	1.080
SQ8833G3	Tyr-GTA	37.75	1.131
SQ8833G3	tRX-Leu	39.07	1.170
SQ8833G3	Cys-GCA	35.09	1.051
SQ8833G3	tRX-Ala	37.26	1.116
SQ8833G3	Ser-TGA	42.27	1.266
SQ8833G3	Asp-GTC	43.59	1.305
SQ8833G3	tRX-Val	33.83	1.013
SQ8833G3	Ala-TGC	39.76	1.191
SQ8833G3	Tyr-ATA	31.83	0.953
SQ8833G3	tRX-Pro	32.40	0.970
SQ8833G3	Gly-CCC	53.31	1.596
SQ8833G3	Met-CAT	36.10	1.081
SQ8833G3	tRX-Lys	35.74	1.070
SQ8833G3	Gln-TTG	37.90	1.135
SQ8833G3	Trp-CCA	34.20	1.024
SQ8833G3	Asn-GTT	39.86	1.194
SQ8833G3	tRX-Gly	40.51	1.213
SQ8833G3	Ala-AGC	35.57	1.065
SQ8833G3	Ser-ACT	27.42	0.821
SQ8833G3	tRX-Cys	39.03	1.169
SQ8833G3	Arg-CCT	40.68	1.218
SQ8833G3	Arg-TCT	32.39	0.970
SQ8833G3	tRX-Und	36.58	1.096
SQ8833G3	SeC-TCA	36.51	1.093
SQ8833G3	Val-TAC	34.77	1.041
SQ8833G3	tRX-Glu	35.23	1.055
SQ8833G3	Pro-TGG	32.44	0.972
SQ8833G3	tRX-Arg	38.73	1.160
SQ8833G3	Glu-CTC	55.87	1.673
SQ8833G3	Arg-CCG	32.77	0.981
SQ8833G3	Leu-TAA	37.54	1.124
SQ8833G3	Val-AAC	32.33	0.968
SQ8833G3	Gly-TCC	47.34	1.418
SQ8833G3	Ala-CGC	35.12	1.052
SQ8833G3	Sup-TTA	36.82	1.103
SQ8833G3	iMet-CAT	35.94	1.076
SQ8833G3	Arg-ACG	35.98	1.078
SQ8833G3	Cys-ACA	40.89	1.225
SQ8833G3	Ser-CGA	36.62	1.097
SQ8833G3	tRX-Met	27.41	0.821
SQ8833G3	Pro-CGG	38.34	1.148
SQ8833G3	Ile-TAT	38.44	1.151
SQ8833G3	Thr-TGT	35.06	1.050
SQ8833G3	tRX-Tyr	40.56	1.215
SQ8833G3	tRX-Phe	46.04	1.379
SQ8833G3	tRX-Asp	42.17	1.263
SQ8833G3	Thr-AGT	37.23	1.115
SQ8833G3	Gln-CTG	34.71	1.040
SQ8833G3	Leu-CAG	59.62	1.786
SQ8833G3	Thr-CGT	35.09	1.051
SQ8833G3	Pro-GGG	42.47	1.272
SQ8833G3	tRX-Asn	25.17	0.754
SQ8833G3	Ser-AGA	40.38	1.209
SQ276TY2	Arg-TCG	48.98	1.278
SQ276TY2	Leu-TAG	39.43	1.028
SQ276TY2	tRX-Trp	35.39	0.923
SQ276TY2	Leu-AAG	40.77	1.063
SQ276TY2	tRX-Ser	28.43	0.742
SQ276TY2	Phe-GAA	45.01	1.174
SQ276TY2	Lys-TTT	75.25	1.963
SQ276TY2	Asn-ATT	37.25	0.972
SQ276TY2	Ser-GCT	40.05	1.045
SQ276TY2	Gly-GCC	84.94	2.216
SQ276TY2	Leu-CAA	43.44	1.133
SQ276TY2	tRX-Ile	23.50	0.613
SQ276TY2	Glu-TTC	46.56	1.214
SQ276TY2	Ile-GAT	11.58	0.302
SQ276TY2	Lys-CTT	41.89	1.093
SQ276TY2	Pro-AGG	40.59	1.059
SQ276TY2	Ile-AAT	44.81	1.169
SQ276TY2	Val-CAC	45.71	1.192
SQ276TY2	His-GTG	36.96	0.964
SQ276TY2	tRX-Gln	34.98	0.912
SQ276TY2	Tyr-GTA	40.40	1.054
SQ276TY2	tRX-Leu	35.66	0.930
SQ276TY2	Cys-GCA	40.43	1.055
SQ276TY2	tRX-Ala	35.60	0.929
SQ276TY2	Ser-TGA	55.99	1.460
SQ276TY2	Asp-GTC	69.68	1.817
SQ276TY2	tRX-Val	40.37	1.053
SQ276TY2	Ala-TGC	36.75	0.959
SQ276TY2	Tyr-ATA	41.29	1.077
SQ276TY2	tRX-Pro	33.11	0.863
SQ276TY2	Gly-CCC	55.96	1.460
SQ276TY2	Met-CAT	39.04	1.018
SQ276TY2	tRX-Lys	45.08	1.176
SQ276TY2	Gln-TTG	37.06	0.967
SQ276TY2	Trp-CCA	41.63	1.086
SQ276TY2	Asn-GTT	40.99	1.069
SQ276TY2	tRX-Gly	45.79	1.194
SQ276TY2	Ala-AGC	39.81	1.038
SQ276TY2	Ser-ACT	28.03	0.731
SQ276TY2	tRX-Cys	45.39	1.184
SQ276TY2	Arg-CCT	40.01	1.044
SQ276TY2	Arg-TCT	44.15	1.151
SQ276TY2	tRX-Und	45.93	1.198
SQ276TY2	SeC-TCA	45.22	1.179
SQ276TY2	Val-TAC	49.08	1.280
SQ276TY2	tRX-Glu	27.93	0.728
SQ276TY2	Pro-TGG	42.00	1.095
SQ276TY2	tRX-Arg	41.64	1.086
SQ276TY2	Glu-CTC	92.44	2.411
SQ276TY2	Arg-CCG	37.53	0.979
SQ276TY2	Leu-TAA	39.41	1.028
SQ276TY2	Val-AAC	39.09	1.020
SQ276TY2	Gly-TCC	92.63	2.416
SQ276TY2	Ala-CGC	37.30	0.973
SQ276TY2	Sup-TTA	41.86	1.092
SQ276TY2	iMet-CAT	40.87	1.066
SQ276TY2	Arg-ACG	36.59	0.954
SQ276TY2	Cys-ACA	32.39	0.845
SQ276TY2	Ser-CGA	53.63	1.399
SQ276TY2	tRX-Met	31.19	0.814
SQ276TY2	Pro-CGG	39.45	1.029
SQ276TY2	Ile-TAT	38.35	1.000
SQ276TY2	Thr-TGT	37.79	0.986
SQ276TY2	tRX-Tyr	43.21	1.127
SQ276TY2	tRX-Phe	32.70	0.853
SQ276TY2	tRX-Asp	31.83	0.830
SQ276TY2	Thr-AGT	41.29	1.077
SQ276TY2	Gln-CTG	40.49	1.056
SQ276TY2	Leu-CAG	107.13	2.794
SQ276TY2	Thr-CGT	40.21	1.049
SQ276TY2	Pro-GGG	46.26	1.207
SQ276TY2	tRX-Asn	34.27	0.894
SQ276TY2	Ser-AGA	39.76	1.037
SQB2332M	Arg-TCG	55.78	1.059
SQB2332M	Leu-TAG	52.83	1.003
SQB2332M	tRX-Trp	38.62	0.734
SQB2332M	Leu-AAG	56.03	1.064
SQB2332M	tRX-Ser	38.99	0.740
SQB2332M	Phe-GAA	61.11	1.161
SQB2332M	Lys-TTT	74.65	1.418
SQB2332M	Asn-ATT	52.30	0.993
SQB2332M	Ser-GCT	55.76	1.059
SQB2332M	Gly-GCC	97.17	1.845
SQB2332M	Leu-CAA	52.54	0.998
SQB2332M	tRX-Ile	30.83	0.586
SQB2332M	Glu-TTC	56.61	1.075
SQB2332M	Ile-GAT	11.24	0.213
SQB2332M	Lys-CTT	55.54	1.055
SQB2332M	Pro-AGG	54.12	1.028
SQB2332M	Ile-AAT	51.91	0.986
SQB2332M	Val-CAC	62.22	1.182
SQB2332M	His-GTG	53.15	1.009
SQB2332M	tRX-Gln	51.96	0.987
SQB2332M	Tyr-GTA	56.85	1.080
SQB2332M	tRX-Leu	54.08	1.027
SQB2332M	Cys-GCA	51.03	0.969
SQB2332M	tRX-Ala	51.49	0.978
SQB2332M	Ser-TGA	57.14	1.085
SQB2332M	Asp-GTC	85.36	1.621
SQB2332M	tRX-Val	54.29	1.031
SQB2332M	Ala-TGC	49.80	0.946
SQB2332M	Tyr-ATA	64.99	1.234
SQB2332M	tRX-Pro	43.08	0.818
SQB2332M	Gly-CCC	74.81	1.421
SQB2332M	Met-CAT	51.14	0.971
SQB2332M	tRX-Lys	53.74	1.021
SQB2332M	Gln-TTG	53.86	1.023
SQB2332M	Trp-CCA	53.64	1.019
SQB2332M	Asn-GTT	55.25	1.049
SQB2332M	tRX-Gly	59.57	1.131
SQB2332M	Ala-AGC	52.32	0.994
SQB2332M	Ser-ACT	52.64	1.000
SQB2332M	tRX-Cys	55.70	1.058
SQB2332M	Arg-CCT	56.39	1.071
SQB2332M	Arg-TCT	49.73	0.945
SQB2332M	tRX-Und	64.99	1.234
SQB2332M	SeC-TCA	51.04	0.969
SQB2332M	Val-TAC	54.24	1.030
SQB2332M	tRX-Glu	50.33	0.956
SQB2332M	Pro-TGG	53.03	1.007
SQB2332M	tRX-Arg	68.79	1.306
SQB2332M	Glu-CTC	104.08	1.977
SQB2332M	Arg-CCG	52.97	1.006
SQB2332M	Leu-TAA	53.86	1.023
SQB2332M	Val-AAC	51.80	0.984
SQB2332M	Gly-TCC	90.00	1.709
SQB2332M	Ala-CGC	51.58	0.980
SQB2332M	Sup-TTA	43.86	0.833
SQB2332M	iMet-CAT	54.68	1.038
SQB2332M	Arg-ACG	55.84	1.060
SQB2332M	Cys-ACA	58.89	1.118
SQB2332M	Ser-CGA	47.05	0.894
SQB2332M	tRX-Met	54.44	1.034
SQB2332M	Pro-CGG	50.41	0.957
SQB2332M	Ile-TAT	51.28	0.974
SQB2332M	Thr-TGT	58.84	1.118
SQB2332M	tRX-Tyr	58.94	1.119
SQB2332M	tRX-Phe	49.58	0.942
SQB2332M	tRX-Asp	42.99	0.816
SQB2332M	Thr-AGT	53.96	1.025
SQB2332M	Gln-CTG	57.62	1.094
SQB2332M	Leu-CAG	118.02	2.241
SQB2332M	Thr-CGT	55.66	1.057
SQB2332M	Pro-GGG	66.16	1.257
SQB2332M	tRX-Asn	50.22	0.954
SQB2332M	Ser-AGA	56.78	1.078
