SQ326CT3	Arg-TCG	5.79	6
SQ326CT3	Leu-TAG	4.03	4
SQ326CT3	tRX-Trp	0.50	1
SQ326CT3	Leu-AAG	13.85	13
SQ326CT3	tRX-Ser	2.11	2
SQ326CT3	Phe-GAA	19.36	17
SQ326CT3	Lys-TTT	46.28	19
SQ326CT3	Asn-ATT	2.09	2
SQ326CT3	Ser-GCT	9.47	8
SQ326CT3	Gly-GCC	22.64	15
SQ326CT3	Leu-CAA	7.22	7
SQ326CT3	tRX-Ile	2.31	5
SQ326CT3	Glu-TTC	22.22	18
SQ326CT3	Ile-GAT	0.55	3
SQ326CT3	Lys-CTT	24.64	21
SQ326CT3	Pro-AGG	11.78	11
SQ326CT3	Ile-AAT	18.76	17
SQ326CT3	Val-CAC	25.14	20
SQ326CT3	His-GTG	11.02	10
SQ326CT3	tRX-Gln	3.64	3
SQ326CT3	Tyr-GTA	17.57	15
SQ326CT3	tRX-Leu	3.28	3
SQ326CT3	Cys-GCA	33.33	31
SQ326CT3	tRX-Ala	8.10	7
SQ326CT3	Ser-TGA	5.56	4
SQ326CT3	Asp-GTC	22.86	19
SQ326CT3	tRX-Val	3.94	5
SQ326CT3	Ala-TGC	10.58	10
SQ326CT3	Tyr-ATA	0.93	1
SQ326CT3	tRX-Pro	2.58	2
SQ326CT3	Gly-CCC	17.31	10
SQ326CT3	Met-CAT	11.93	11
SQ326CT3	tRX-Lys	6.40	6
SQ326CT3	Gln-TTG	10.14	9
SQ326CT3	Trp-CCA	6.45	7
SQ326CT3	Asn-GTT	43.43	38
SQ326CT3	tRX-Gly	4.11	3
SQ326CT3	Ala-AGC	37.98	33
SQ326CT3	Ser-ACT	1.00	1
SQ326CT3	tRX-Cys	4.46	4
SQ326CT3	Arg-CCT	8.00	7
SQ326CT3	Arg-TCT	6.33	6
SQ326CT3	tRX-Und	4.25	4
SQ326CT3	SeC-TCA	3.47	3
SQ326CT3	Val-TAC	6.75	5
SQ326CT3	tRX-Glu	2.63	2
SQ326CT3	Pro-TGG	7.62	9
SQ326CT3	tRX-Arg	2.42	2
SQ326CT3	Glu-CTC	19.41	12
SQ326CT3	Arg-CCG	3.88	4
SQ326CT3	Leu-TAA	4.56	5
SQ326CT3	Val-AAC	9.87	11
SQ326CT3	Gly-TCC	14.10	11
SQ326CT3	Ala-CGC	5.87	5
SQ326CT3	Sup-TTA	0.95	1
SQ326CT3	iMet-CAT	9.32	10
SQ326CT3	Arg-ACG	6.70	7
SQ326CT3	Cys-ACA	0.89	1
SQ326CT3	Ser-CGA	4.26	4
SQ326CT3	tRX-Met	2.08	2
SQ326CT3	Pro-CGG	4.69	4
SQ326CT3	Ile-TAT	5.70	5
SQ326CT3	Thr-TGT	6.79	6
SQ326CT3	tRX-Tyr	1.17	1
SQ326CT3	tRX-Phe	2.37	2
SQ326CT3	tRX-Asp	1.20	1
SQ326CT3	Thr-AGT	11.04	10
SQ326CT3	Gln-CTG	25.23	23
SQ326CT3	Leu-CAG	15.24	9
SQ326CT3	Thr-CGT	5.70	6
SQ326CT3	Pro-GGG	1.49	1
SQ326CT3	tRX-Asn	2.37	3
SQ326CT3	Ser-AGA	10.89	11
SQ66RA83	Arg-TCG	7.18	6
SQ66RA83	Leu-TAG	4.61	4
SQ66RA83	tRX-Trp	1.05	1
SQ66RA83	Leu-AAG	16.85	13
SQ66RA83	tRX-Ser	2.00	2
SQ66RA83	Phe-GAA	20.75	17
SQ66RA83	Lys-TTT	23.45	19
SQ66RA83	Asn-ATT	2.66	2
SQ66RA83	Ser-GCT	10.28	8
SQ66RA83	Gly-GCC	32.44	15
SQ66RA83	Leu-CAA	9.39	7
SQ66RA83	tRX-Ile	2.14	5
SQ66RA83	Glu-TTC	23.52	18
SQ66RA83	Ile-GAT	0.34	3
SQ66RA83	Lys-CTT	25.89	21
SQ66RA83	Pro-AGG	12.03	11
SQ66RA83	Ile-AAT	19.23	17
SQ66RA83	Val-CAC	26.24	20
SQ66RA83	His-GTG	11.05	10
SQ66RA83	tRX-Gln	3.32	3
SQ66RA83	Tyr-GTA	16.84	15
SQ66RA83	tRX-Leu	4.17	3
SQ66RA83	Cys-GCA	36.26	31
SQ66RA83	tRX-Ala	7.98	7
SQ66RA83	Ser-TGA	5.34	4
SQ66RA83	Asp-GTC	30.12	19
SQ66RA83	tRX-Val	5.48	5
SQ66RA83	Ala-TGC	14.00	10
SQ66RA83	Tyr-ATA	1.20	1
SQ66RA83	tRX-Pro	1.50	2
SQ66RA83	Gly-CCC	17.62	10
SQ66RA83	Met-CAT	12.61	11
SQ66RA83	tRX-Lys	7.17	6
SQ66RA83	Gln-TTG	9.87	9
SQ66RA83	Trp-CCA	7.89	7
SQ66RA83	Asn-GTT	49.33	38
SQ66RA83	tRX-Gly	3.34	3
SQ66RA83	Ala-AGC	39.28	33
SQ66RA83	Ser-ACT	0.95	1
SQ66RA83	tRX-Cys	4.90	4
SQ66RA83	Arg-CCT	9.62	7
SQ66RA83	Arg-TCT	7.07	6
SQ66RA83	tRX-Und	4.53	4
SQ66RA83	SeC-TCA	3.30	3
SQ66RA83	Val-TAC	6.15	5
SQ66RA83	tRX-Glu	2.80	2
SQ66RA83	Pro-TGG	9.32	9
SQ66RA83	tRX-Arg	2.40	2
SQ66RA83	Glu-CTC	28.99	12
SQ66RA83	Arg-CCG	3.80	4
SQ66RA83	Leu-TAA	6.87	5
SQ66RA83	Val-AAC	11.22	11
SQ66RA83	Gly-TCC	16.40	11
SQ66RA83	Ala-CGC	5.43	5
SQ66RA83	Sup-TTA	1.19	1
SQ66RA83	iMet-CAT	12.19	10
SQ66RA83	Arg-ACG	8.45	7
SQ66RA83	Cys-ACA	1.02	1
SQ66RA83	Ser-CGA	4.49	4
SQ66RA83	tRX-Met	2.52	2
SQ66RA83	Pro-CGG	4.49	4
SQ66RA83	Ile-TAT	5.93	5
SQ66RA83	Thr-TGT	8.49	6
SQ66RA83	tRX-Tyr	0.78	1
SQ66RA83	tRX-Phe	2.51	2
SQ66RA83	tRX-Asp	1.32	1
SQ66RA83	Thr-AGT	12.40	10
SQ66RA83	Gln-CTG	27.25	23
SQ66RA83	Leu-CAG	25.28	9
SQ66RA83	Thr-CGT	7.58	6
SQ66RA83	Pro-GGG	0.94	1
SQ66RA83	tRX-Asn	2.41	3
SQ66RA83	Ser-AGA	11.73	11
SQ8833G3	Arg-TCG	7.32	6
SQ8833G3	Leu-TAG	5.11	4
SQ8833G3	tRX-Trp	0.72	1
SQ8833G3	Leu-AAG	14.91	13
SQ8833G3	tRX-Ser	1.31	2
SQ8833G3	Phe-GAA	18.79	17
SQ8833G3	Lys-TTT	24.61	19
SQ8833G3	Asn-ATT	2.44	2
SQ8833G3	Ser-GCT	8.96	8
SQ8833G3	Gly-GCC	24.25	15
SQ8833G3	Leu-CAA	8.06	7
SQ8833G3	tRX-Ile	3.43	5
SQ8833G3	Glu-TTC	20.80	18
SQ8833G3	Ile-GAT	1.29	3
SQ8833G3	Lys-CTT	22.60	21
SQ8833G3	Pro-AGG	12.39	11
SQ8833G3	Ile-AAT	16.14	17
SQ8833G3	Val-CAC	24.71	20
SQ8833G3	His-GTG	10.58	10
SQ8833G3	tRX-Gln	3.25	3
SQ8833G3	Tyr-GTA	17.10	15
SQ8833G3	tRX-Leu	3.48	3
SQ8833G3	Cys-GCA	32.23	31
SQ8833G3	tRX-Ala	7.79	7
SQ8833G3	Ser-TGA	4.94	4
SQ8833G3	Asp-GTC	24.05	19
SQ8833G3	tRX-Val	5.01	5
SQ8833G3	Ala-TGC	11.73	10
SQ8833G3	Tyr-ATA	0.96	1
SQ8833G3	tRX-Pro	1.92	2
SQ8833G3	Gly-CCC	15.48	10
SQ8833G3	Met-CAT	11.72	11
SQ8833G3	tRX-Lys	6.38	6
SQ8833G3	Gln-TTG	10.41	9
SQ8833G3	Trp-CCA	6.99	7
SQ8833G3	Asn-GTT	44.58	38
SQ8833G3	tRX-Gly	3.61	3
SQ8833G3	Ala-AGC	35.01	33
SQ8833G3	Ser-ACT	0.81	1
SQ8833G3	tRX-Cys	4.67	4
SQ8833G3	Arg-CCT	8.36	7
SQ8833G3	Arg-TCT	5.88	6
SQ8833G3	tRX-Und	4.39	4
SQ8833G3	SeC-TCA	3.22	3
SQ8833G3	Val-TAC	5.34	5
SQ8833G3	tRX-Glu	2.07	2
SQ8833G3	Pro-TGG	8.49	9
SQ8833G3	tRX-Arg	2.27	2
SQ8833G3	Glu-CTC	19.71	12
SQ8833G3	Arg-CCG	3.83	4
SQ8833G3	Leu-TAA	5.60	5
SQ8833G3	Val-AAC	10.72	11
SQ8833G3	Gly-TCC	15.20	11
SQ8833G3	Ala-CGC	5.17	5
SQ8833G3	Sup-TTA	1.12	1
SQ8833G3	iMet-CAT	10.61	10
SQ8833G3	Arg-ACG	7.37	7
SQ8833G3	Cys-ACA	1.19	1
SQ8833G3	Ser-CGA	4.30	4
SQ8833G3	tRX-Met	1.67	2
SQ8833G3	Pro-CGG	4.43	4
SQ8833G3	Ile-TAT	5.64	5
SQ8833G3	Thr-TGT	6.19	6
SQ8833G3	tRX-Tyr	1.22	1
SQ8833G3	tRX-Phe	2.71	2
SQ8833G3	tRX-Asp	1.31	1
SQ8833G3	Thr-AGT	10.95	10
SQ8833G3	Gln-CTG	24.08	23
SQ8833G3	Leu-CAG	15.49	9
SQ8833G3	Thr-CGT	6.19	6
SQ8833G3	Pro-GGG	1.25	1
SQ8833G3	tRX-Asn	2.27	3
SQ8833G3	Ser-AGA	13.12	11
SQ276TY2	Arg-TCG	7.48	6
SQ276TY2	Leu-TAG	4.03	4
SQ276TY2	tRX-Trp	0.89	1
SQ276TY2	Leu-AAG	13.62	13
SQ276TY2	tRX-Ser	1.43	2
SQ276TY2	Phe-GAA	19.49	17
SQ276TY2	Lys-TTT	36.37	19
SQ276TY2	Asn-ATT	1.88	2
SQ276TY2	Ser-GCT	8.19	8
SQ276TY2	Gly-GCC	32.73	15
SQ276TY2	Leu-CAA	7.74	7
SQ276TY2	tRX-Ile	2.97	5
SQ276TY2	Glu-TTC	21.49	18
SQ276TY2	Ile-GAT	0.87	3
SQ276TY2	Lys-CTT	22.45	21
SQ276TY2	Pro-AGG	11.54	11
SQ276TY2	Ile-AAT	19.59	17
SQ276TY2	Val-CAC	23.13	20
SQ276TY2	His-GTG	9.34	10
SQ276TY2	tRX-Gln	2.67	3
SQ276TY2	Tyr-GTA	15.33	15
SQ276TY2	tRX-Leu	2.73	3
SQ276TY2	Cys-GCA	31.67	31
SQ276TY2	tRX-Ala	6.36	7
SQ276TY2	Ser-TGA	5.70	4
SQ276TY2	Asp-GTC	34.09	19
SQ276TY2	tRX-Val	5.17	5
SQ276TY2	Ala-TGC	9.39	10
SQ276TY2	Tyr-ATA	1.05	1
SQ276TY2	tRX-Pro	1.66	2
SQ276TY2	Gly-CCC	14.36	10
SQ276TY2	Met-CAT	10.92	11
SQ276TY2	tRX-Lys	6.92	6
SQ276TY2	Gln-TTG	8.49	9
SQ276TY2	Trp-CCA	7.43	7
SQ276TY2	Asn-GTT	39.91	38
SQ276TY2	tRX-Gly	3.46	3
SQ276TY2	Ala-AGC	33.52	33
SQ276TY2	Ser-ACT	0.72	1
SQ276TY2	tRX-Cys	4.67	4
SQ276TY2	Arg-CCT	7.21	7
SQ276TY2	Arg-TCT	6.76	6
SQ276TY2	tRX-Und	4.64	4
SQ276TY2	SeC-TCA	3.42	3
SQ276TY2	Val-TAC	6.25	5
SQ276TY2	tRX-Glu	1.42	2
SQ276TY2	Pro-TGG	9.82	9
SQ276TY2	tRX-Arg	2.15	2
SQ276TY2	Glu-CTC	28.39	12
SQ276TY2	Arg-CCG	3.81	4
SQ276TY2	Leu-TAA	5.01	5
SQ276TY2	Val-AAC	10.91	11
SQ276TY2	Gly-TCC	25.82	11
SQ276TY2	Ala-CGC	4.85	5
SQ276TY2	Sup-TTA	1.07	1
SQ276TY2	iMet-CAT	10.40	10
SQ276TY2	Arg-ACG	6.55	7
SQ276TY2	Cys-ACA	0.81	1
SQ276TY2	Ser-CGA	5.46	4
SQ276TY2	tRX-Met	1.59	2
SQ276TY2	Pro-CGG	4.09	4
SQ276TY2	Ile-TAT	4.84	5
SQ276TY2	Thr-TGT	5.78	6
SQ276TY2	tRX-Tyr	1.10	1
SQ276TY2	tRX-Phe	1.67	2
SQ276TY2	tRX-Asp	0.81	1
SQ276TY2	Thr-AGT	10.47	10
SQ276TY2	Gln-CTG	23.67	23
SQ276TY2	Leu-CAG	24.12	9
SQ276TY2	Thr-CGT	6.16	6
SQ276TY2	Pro-GGG	1.19	1
SQ276TY2	tRX-Asn	2.61	3
SQ276TY2	Ser-AGA	11.24	11
SQB2332M	Arg-TCG	6.27	6
SQB2332M	Leu-TAG	4.01	4
SQB2332M	tRX-Trp	0.72	1
SQB2332M	Leu-AAG	14.11	13
SQB2332M	tRX-Ser	1.44	2
SQB2332M	Phe-GAA	19.46	17
SQB2332M	Lys-TTT	26.54	19
SQB2332M	Asn-ATT	1.97	2
SQB2332M	Ser-GCT	8.41	8
SQB2332M	Gly-GCC	28.23	15
SQB2332M	Leu-CAA	6.87	7
SQB2332M	tRX-Ile	2.77	5
SQB2332M	Glu-TTC	19.38	18
SQB2332M	Ile-GAT	0.63	3
SQB2332M	Lys-CTT	21.96	21
SQB2332M	Pro-AGG	11.35	11
SQB2332M	Ile-AAT	16.74	17
SQB2332M	Val-CAC	23.29	20
SQB2332M	His-GTG	9.99	10
SQB2332M	tRX-Gln	2.95	3
SQB2332M	Tyr-GTA	16.05	15
SQB2332M	tRX-Leu	3.06	3
SQB2332M	Cys-GCA	29.60	31
SQB2332M	tRX-Ala	6.72	7
SQB2332M	Ser-TGA	4.30	4
SQB2332M	Asp-GTC	30.48	19
SQB2332M	tRX-Val	5.15	5
SQB2332M	Ala-TGC	9.38	10
SQB2332M	Tyr-ATA	1.22	1
SQB2332M	tRX-Pro	1.61	2
SQB2332M	Gly-CCC	14.08	10
SQB2332M	Met-CAT	10.52	11
SQB2332M	tRX-Lys	6.06	6
SQB2332M	Gln-TTG	9.06	9
SQB2332M	Trp-CCA	7.04	7
SQB2332M	Asn-GTT	39.71	38
SQB2332M	tRX-Gly	3.34	3
SQB2332M	Ala-AGC	32.49	33
SQB2332M	Ser-ACT	0.99	1
SQB2332M	tRX-Cys	4.19	4
SQB2332M	Arg-CCT	7.47	7
SQB2332M	Arg-TCT	5.64	6
SQB2332M	tRX-Und	4.87	4
SQB2332M	SeC-TCA	2.84	3
SQB2332M	Val-TAC	5.08	5
SQB2332M	tRX-Glu	1.89	2
SQB2332M	Pro-TGG	9.17	9
SQB2332M	tRX-Arg	2.61	2
SQB2332M	Glu-CTC	24.34	12
SQB2332M	Arg-CCG	3.94	4
SQB2332M	Leu-TAA	5.05	5
SQB2332M	Val-AAC	10.69	11
SQB2332M	Gly-TCC	18.38	11
SQB2332M	Ala-CGC	4.90	5
SQB2332M	Sup-TTA	0.82	1
SQB2332M	iMet-CAT	10.27	10
SQB2332M	Arg-ACG	7.30	7
SQB2332M	Cys-ACA	1.09	1
SQB2332M	Ser-CGA	3.54	4
SQB2332M	tRX-Met	2.04	2
SQB2332M	Pro-CGG	3.82	4
SQB2332M	Ile-TAT	4.80	5
SQB2332M	Thr-TGT	6.61	6
SQB2332M	tRX-Tyr	1.10	1
SQB2332M	tRX-Phe	1.87	2
SQB2332M	tRX-Asp	0.80	1
SQB2332M	Thr-AGT	10.10	10
SQB2332M	Gln-CTG	24.80	23
SQB2332M	Leu-CAG	20.04	9
SQB2332M	Thr-CGT	6.36	6
SQB2332M	Pro-GGG	1.25	1
SQB2332M	tRX-Asn	2.82	3
SQB2332M	Ser-AGA	11.78	11
