SQ326CT3	Arg-TCG	105.0
SQ326CT3	Leu-TAG	85.2
SQ326CT3	tRX-Trp	9.1
SQ326CT3	Leu-AAG	288.9
SQ326CT3	tRX-Ser	40.1
SQ326CT3	Phe-GAA	355.2
SQ326CT3	Lys-TTT	840.9
SQ326CT3	Asn-ATT	40.3
SQ326CT3	Ser-GCT	199.9
SQ326CT3	Gly-GCC	410.9
SQ326CT3	Leu-CAA	181.9
SQ326CT3	tRX-Ile	44.2
SQ326CT3	Glu-TTC	407.9
SQ326CT3	Ile-GAT	10.5
SQ326CT3	Lys-CTT	461.6
SQ326CT3	Pro-AGG	223.7
SQ326CT3	Ile-AAT	358.1
SQ326CT3	Val-CAC	464.2
SQ326CT3	His-GTG	206.6
SQ326CT3	tRX-Gln	68.6
SQ326CT3	Tyr-GTA	389.2
SQ326CT3	tRX-Leu	65.5
SQ326CT3	Cys-GCA	614.2
SQ326CT3	tRX-Ala	149.2
SQ326CT3	Ser-TGA	118.4
SQ326CT3	Asp-GTC	422.4
SQ326CT3	tRX-Val	72.8
SQ326CT3	Ala-TGC	194.3
SQ326CT3	Tyr-ATA	21.5
SQ326CT3	tRX-Pro	46.0
SQ326CT3	Gly-CCC	312.0
SQ326CT3	Met-CAT	223.0
SQ326CT3	tRX-Lys	121.6
SQ326CT3	Gln-TTG	179.5
SQ326CT3	Trp-CCA	120.2
SQ326CT3	Asn-GTT	824.6
SQ326CT3	tRX-Gly	74.3
SQ326CT3	Ala-AGC	694.1
SQ326CT3	Ser-ACT	18.8
SQ326CT3	tRX-Cys	84.7
SQ326CT3	Arg-CCT	148.1
SQ326CT3	Arg-TCT	135.0
SQ326CT3	tRX-Und	82.1
SQ326CT3	SeC-TCA	71.8
SQ326CT3	Val-TAC	120.4
SQ326CT3	tRX-Glu	48.6
SQ326CT3	Pro-TGG	143.1
SQ326CT3	tRX-Arg	47.2
SQ326CT3	Glu-CTC	357.0
SQ326CT3	Arg-CCG	73.4
SQ326CT3	Leu-TAA	95.4
SQ326CT3	Val-AAC	179.6
SQ326CT3	Gly-TCC	264.1
SQ326CT3	Ala-CGC	108.4
SQ326CT3	Sup-TTA	16.5
SQ326CT3	iMet-CAT	171.9
SQ326CT3	Arg-ACG	126.4
SQ326CT3	Cys-ACA	41.2
SQ326CT3	Ser-CGA	90.0
SQ326CT3	tRX-Met	37.6
SQ326CT3	Pro-CGG	87.3
SQ326CT3	Ile-TAT	137.9
SQ326CT3	Thr-TGT	127.4
SQ326CT3	tRX-Tyr	25.4
SQ326CT3	tRX-Phe	48.5
SQ326CT3	tRX-Asp	20.8
SQ326CT3	Thr-AGT	210.9
SQ326CT3	Gln-CTG	453.7
SQ326CT3	Leu-CAG	329.4
SQ326CT3	Thr-CGT	106.4
SQ326CT3	Pro-GGG	27.8
SQ326CT3	tRX-Asn	43.2
SQ326CT3	Ser-AGA	225.3
SQ66RA83	Arg-TCG	119.7
SQ66RA83	Leu-TAG	85.7
SQ66RA83	tRX-Trp	18.4
SQ66RA83	Leu-AAG	298.2
SQ66RA83	tRX-Ser	35.0
SQ66RA83	Phe-GAA	354.5
SQ66RA83	Lys-TTT	401.9
SQ66RA83	Asn-ATT	46.3
SQ66RA83	Ser-GCT	188.5
SQ66RA83	Gly-GCC	487.4
SQ66RA83	Leu-CAA	213.9
SQ66RA83	tRX-Ile	37.7
SQ66RA83	Glu-TTC	378.3
SQ66RA83	Ile-GAT	5.5
SQ66RA83	Lys-CTT	427.2
SQ66RA83	Pro-AGG	195.1
SQ66RA83	Ile-AAT	317.7
SQ66RA83	Val-CAC	451.6
SQ66RA83	His-GTG	186.6
SQ66RA83	tRX-Gln	61.5
SQ66RA83	Tyr-GTA	343.1
SQ66RA83	tRX-Leu	76.1
SQ66RA83	Cys-GCA	607.5
SQ66RA83	tRX-Ala	133.9
SQ66RA83	Ser-TGA	100.2
SQ66RA83	Asp-GTC	488.5
SQ66RA83	tRX-Val	90.8
SQ66RA83	Ala-TGC	223.8
SQ66RA83	Tyr-ATA	26.9
SQ66RA83	tRX-Pro	23.9
SQ66RA83	Gly-CCC	274.1
SQ66RA83	Met-CAT	207.0
SQ66RA83	tRX-Lys	123.7
SQ66RA83	Gln-TTG	163.8
SQ66RA83	Trp-CCA	127.3
SQ66RA83	Asn-GTT	820.5
SQ66RA83	tRX-Gly	55.2
SQ66RA83	Ala-AGC	641.7
SQ66RA83	Ser-ACT	15.5
SQ66RA83	tRX-Cys	83.0
SQ66RA83	Arg-CCT	154.8
SQ66RA83	Arg-TCT	135.0
SQ66RA83	tRX-Und	83.5
SQ66RA83	SeC-TCA	63.8
SQ66RA83	Val-TAC	101.8
SQ66RA83	tRX-Glu	45.8
SQ66RA83	Pro-TGG	148.4
SQ66RA83	tRX-Arg	40.2
SQ66RA83	Glu-CTC	436.7
SQ66RA83	Arg-CCG	62.9
SQ66RA83	Leu-TAA	131.5
SQ66RA83	Val-AAC	189.2
SQ66RA83	Gly-TCC	271.8
SQ66RA83	Ala-CGC	86.1
SQ66RA83	Sup-TTA	19.5
SQ66RA83	iMet-CAT	195.3
SQ66RA83	Arg-ACG	138.9
SQ66RA83	Cys-ACA	47.5
SQ66RA83	Ser-CGA	83.5
SQ66RA83	tRX-Met	42.5
SQ66RA83	Pro-CGG	71.6
SQ66RA83	Ile-TAT	128.7
SQ66RA83	Thr-TGT	141.7
SQ66RA83	tRX-Tyr	16.4
SQ66RA83	tRX-Phe	44.0
SQ66RA83	tRX-Asp	21.2
SQ66RA83	Thr-AGT	212.6
SQ66RA83	Gln-CTG	461.6
SQ66RA83	Leu-CAG	457.0
SQ66RA83	Thr-CGT	121.7
SQ66RA83	Pro-GGG	15.1
SQ66RA83	tRX-Asn	40.5
SQ66RA83	Ser-AGA	215.0
SQ8833G3	Arg-TCG	118.0
SQ8833G3	Leu-TAG	95.6
SQ8833G3	tRX-Trp	11.5
SQ8833G3	Leu-AAG	275.1
SQ8833G3	tRX-Ser	22.0
SQ8833G3	Phe-GAA	305.1
SQ8833G3	Lys-TTT	401.8
SQ8833G3	Asn-ATT	41.2
SQ8833G3	Ser-GCT	167.3
SQ8833G3	Gly-GCC	391.7
SQ8833G3	Leu-CAA	178.3
SQ8833G3	tRX-Ile	59.6
SQ8833G3	Glu-TTC	340.3
SQ8833G3	Ile-GAT	22.1
SQ8833G3	Lys-CTT	375.8
SQ8833G3	Pro-AGG	209.6
SQ8833G3	Ile-AAT	273.4
SQ8833G3	Val-CAC	403.0
SQ8833G3	His-GTG	173.5
SQ8833G3	tRX-Gln	53.9
SQ8833G3	Tyr-GTA	335.5
SQ8833G3	tRX-Leu	61.2
SQ8833G3	Cys-GCA	524.1
SQ8833G3	tRX-Ala	128.2
SQ8833G3	Ser-TGA	92.4
SQ8833G3	Asp-GTC	397.0
SQ8833G3	tRX-Val	81.4
SQ8833G3	Ala-TGC	190.9
SQ8833G3	Tyr-ATA	19.7
SQ8833G3	tRX-Pro	30.7
SQ8833G3	Gly-CCC	248.8
SQ8833G3	Met-CAT	193.2
SQ8833G3	tRX-Lys	107.4
SQ8833G3	Gln-TTG	164.5
SQ8833G3	Trp-CCA	114.9
SQ8833G3	Asn-GTT	748.1
SQ8833G3	tRX-Gly	57.8
SQ8833G3	Ala-AGC	568.7
SQ8833G3	Ser-ACT	13.5
SQ8833G3	tRX-Cys	77.3
SQ8833G3	Arg-CCT	137.5
SQ8833G3	Arg-TCT	110.3
SQ8833G3	tRX-Und	74.9
SQ8833G3	SeC-TCA	59.6
SQ8833G3	Val-TAC	84.6
SQ8833G3	tRX-Glu	34.1
SQ8833G3	Pro-TGG	141.0
SQ8833G3	tRX-Arg	39.2
SQ8833G3	Glu-CTC	321.8
SQ8833G3	Arg-CCG	63.8
SQ8833G3	Leu-TAA	103.9
SQ8833G3	Val-AAC	172.8
SQ8833G3	Gly-TCC	250.0
SQ8833G3	Ala-CGC	84.3
SQ8833G3	Sup-TTA	17.4
SQ8833G3	iMet-CAT	173.2
SQ8833G3	Arg-ACG	122.6
SQ8833G3	Cys-ACA	48.0
SQ8833G3	Ser-CGA	80.1
SQ8833G3	tRX-Met	26.9
SQ8833G3	Pro-CGG	73.6
SQ8833G3	Ile-TAT	119.9
SQ8833G3	Thr-TGT	102.4
SQ8833G3	tRX-Tyr	23.3
SQ8833G3	tRX-Phe	49.1
SQ8833G3	tRX-Asp	20.2
SQ8833G3	Thr-AGT	183.7
SQ8833G3	Gln-CTG	383.9
SQ8833G3	Leu-CAG	296.9
SQ8833G3	Thr-CGT	102.5
SQ8833G3	Pro-GGG	20.7
SQ8833G3	tRX-Asn	36.6
SQ8833G3	Ser-AGA	240.4
SQ276TY2	Arg-TCG	143.0
SQ276TY2	Leu-TAG	86.2
SQ276TY2	tRX-Trp	17.0
SQ276TY2	Leu-AAG	288.1
SQ276TY2	tRX-Ser	28.1
SQ276TY2	Phe-GAA	380.2
SQ276TY2	Lys-TTT	699.4
SQ276TY2	Asn-ATT	36.8
SQ276TY2	Ser-GCT	175.7
SQ276TY2	Gly-GCC	603.1
SQ276TY2	Leu-CAA	199.8
SQ276TY2	tRX-Ile	60.2
SQ276TY2	Glu-TTC	406.0
SQ276TY2	Ile-GAT	17.1
SQ276TY2	Lys-CTT	429.5
SQ276TY2	Pro-AGG	220.5
SQ276TY2	Ile-AAT	376.1
SQ276TY2	Val-CAC	444.3
SQ276TY2	His-GTG	177.4
SQ276TY2	tRX-Gln	52.2
SQ276TY2	Tyr-GTA	359.0
SQ276TY2	tRX-Leu	55.9
SQ276TY2	Cys-GCA	603.8
SQ276TY2	tRX-Ala	122.5
SQ276TY2	Ser-TGA	122.4
SQ276TY2	Asp-GTC	634.5
SQ276TY2	tRX-Val	97.2
SQ276TY2	Ala-TGC	176.4
SQ276TY2	Tyr-ATA	25.6
SQ276TY2	tRX-Pro	31.3
SQ276TY2	Gly-CCC	261.1
SQ276TY2	Met-CAT	209.0
SQ276TY2	tRX-Lys	135.5
SQ276TY2	Gln-TTG	160.9
SQ276TY2	Trp-CCA	139.9
SQ276TY2	Asn-GTT	769.2
SQ276TY2	tRX-Gly	65.3
SQ276TY2	Ala-AGC	636.5
SQ276TY2	Ser-ACT	13.8
SQ276TY2	tRX-Cys	89.9
SQ276TY2	Arg-CCT	135.2
SQ276TY2	Arg-TCT	150.4
SQ276TY2	tRX-Und	94.0
SQ276TY2	SeC-TCA	73.9
SQ276TY2	Val-TAC	119.4
SQ276TY2	tRX-Glu	27.0
SQ276TY2	Pro-TGG	182.5
SQ276TY2	tRX-Arg	42.2
SQ276TY2	Glu-CTC	532.4
SQ276TY2	Arg-CCG	73.1
SQ276TY2	Leu-TAA	109.0
SQ276TY2	Val-AAC	209.0
SQ276TY2	Gly-TCC	489.1
SQ276TY2	Ala-CGC	89.5
SQ276TY2	Sup-TTA	19.8
SQ276TY2	iMet-CAT	197.0
SQ276TY2	Arg-ACG	124.7
SQ276TY2	Cys-ACA	38.0
SQ276TY2	Ser-CGA	117.3
SQ276TY2	tRX-Met	30.6
SQ276TY2	Pro-CGG	75.7
SQ276TY2	Ile-TAT	119.7
SQ276TY2	Thr-TGT	110.3
SQ276TY2	tRX-Tyr	24.8
SQ276TY2	tRX-Phe	34.9
SQ276TY2	tRX-Asp	15.3
SQ276TY2	Thr-AGT	203.7
SQ276TY2	Gln-CTG	447.8
SQ276TY2	Leu-CAG	533.5
SQ276TY2	Thr-CGT	117.4
SQ276TY2	Pro-GGG	22.5
SQ276TY2	tRX-Asn	49.8
SQ276TY2	Ser-AGA	236.7
SQB2332M	Arg-TCG	162.9
SQB2332M	Leu-TAG	115.5
SQB2332M	tRX-Trp	18.5
SQB2332M	Leu-AAG	395.9
SQB2332M	tRX-Ser	38.5
SQB2332M	Phe-GAA	516.2
SQB2332M	Lys-TTT	693.8
SQB2332M	Asn-ATT	51.6
SQB2332M	Ser-GCT	244.6
SQB2332M	Gly-GCC	689.9
SQB2332M	Leu-CAA	241.7
SQB2332M	tRX-Ile	78.9
SQB2332M	Glu-TTC	493.6
SQB2332M	Ile-GAT	16.6
SQB2332M	Lys-CTT	569.5
SQB2332M	Pro-AGG	294.1
SQB2332M	Ile-AAT	435.7
SQB2332M	Val-CAC	604.7
SQB2332M	His-GTG	255.1
SQB2332M	tRX-Gln	77.6
SQB2332M	Tyr-GTA	505.2
SQB2332M	tRX-Leu	84.7
SQB2332M	Cys-GCA	762.0
SQB2332M	tRX-Ala	177.1
SQB2332M	Ser-TGA	124.9
SQB2332M	Asp-GTC	777.3
SQB2332M	tRX-Val	130.6
SQB2332M	Ala-TGC	239.1
SQB2332M	Tyr-ATA	40.3
SQB2332M	tRX-Pro	40.8
SQB2332M	Gly-CCC	349.1
SQB2332M	Met-CAT	273.8
SQB2332M	tRX-Lys	161.6
SQB2332M	Gln-TTG	233.8
SQB2332M	Trp-CCA	180.2
SQB2332M	Asn-GTT	1036.9
SQB2332M	tRX-Gly	85.0
SQB2332M	Ala-AGC	836.4
SQB2332M	Ser-ACT	26.0
SQB2332M	tRX-Cys	110.3
SQB2332M	Arg-CCT	190.6
SQB2332M	Arg-TCT	169.4
SQB2332M	tRX-Und	133.0
SQB2332M	SeC-TCA	83.4
SQB2332M	Val-TAC	132.0
SQB2332M	tRX-Glu	48.7
SQB2332M	Pro-TGG	230.5
SQB2332M	tRX-Arg	69.7
SQB2332M	Glu-CTC	599.5
SQB2332M	Arg-CCG	103.1
SQB2332M	Leu-TAA	149.0
SQB2332M	Val-AAC	276.9
SQB2332M	Gly-TCC	475.2
SQB2332M	Ala-CGC	123.8
SQB2332M	Sup-TTA	20.8
SQB2332M	iMet-CAT	263.6
SQB2332M	Arg-ACG	190.2
SQB2332M	Cys-ACA	69.1
SQB2332M	Ser-CGA	102.9
SQB2332M	tRX-Met	53.4
SQB2332M	Pro-CGG	96.8
SQB2332M	Ile-TAT	160.0
SQB2332M	Thr-TGT	171.8
SQB2332M	tRX-Tyr	33.8
SQB2332M	tRX-Phe	52.9
SQB2332M	tRX-Asp	20.6
SQB2332M	Thr-AGT	266.2
SQB2332M	Gln-CTG	637.2
SQB2332M	Leu-CAG	587.7
SQB2332M	Thr-CGT	162.5
SQB2332M	Pro-GGG	32.2
SQB2332M	tRX-Asn	73.0
SQB2332M	Ser-AGA	338.1
