compartment	AA	anticodon	count
cyto	Ala	AGC	13
cyto	Ala	TGC	5
cyto	Ala	CGC	3
cyto	Arg	TCT	7
cyto	Arg	TCG	4
cyto	Arg	CCG	3
cyto	Arg	CCT	2
cyto	Arg	ACG	1
cyto	Asn	GTT	10
cyto	Asp	GTC	1
cyto	Cys	GCA	9
cyto	Gln	TTG	4
cyto	Gln	CTG	2
cyto	Glu	TTC	4
cyto	Glu	CTC	1
cyto	Gly	GCC	5
cyto	Gly	CCC	3
cyto	Gly	TCC	2
cyto	Gly	ACC	1
cyto	His	GTG	1
cyto	Ile	AAT	6
cyto	Ile	TAT	5
cyto	Ile	GAT	1
cyto	Leu	CAA	7
cyto	Leu	AAG	4
cyto	Leu	TAA	3
cyto	Leu	CAG	2
cyto	Leu	TAG	2
cyto	Lys	CTT	7
cyto	Lys	TTT	4
cyto	Met	CAT	5
cyto	Phe	GAA	4
cyto	Pro	TGG	2
cyto	Pro	AGG	1
cyto	Pro	CGG	1
cyto	SeC	TCA	1
cyto	Ser	CGA	3
cyto	Ser	AGA	2
cyto	Ser	GCT	1
cyto	Ser	TGA	1
cyto	Thr	CGT	5
cyto	Thr	AGT	3
cyto	Thr	TGT	3
cyto	Trp	CCA	2
cyto	Tyr	GTA	20
cyto	Tyr	ATA	1
cyto	Val	CAC	4
cyto	Val	TAC	4
cyto	Val	AAC	1
cyto	iMet	CAT	2
mito	Ala	TGC	1
mito	Arg	TCG	1
mito	Asn	GTT	1
mito	Asp	GTC	1
mito	Cys	GCA	1
mito	Gln	TTG	1
mito	Glu	TTC	1
mito	Gly	TCC	1
mito	His	GTG	1
mito	Ile	GAT	1
mito	Leu	TAA	1
mito	Leu	TAG	1
mito	Lys	TTT	1
mito	Met	CAT	1
mito	Phe	GAA	1
mito	Pro	TGG	1
mito	Ser	GCT	1
mito	Ser	TGA	1
mito	Thr	TGT	1
mito	Trp	TCA	1
mito	Tyr	GTA	1
mito	Val	TAC	1
